{
    "PnL (total)": -12.74,
    "PnL% (total)": -0.0012739999999990686,
    "Max Winner": -2.02,
    "Avg Winner": 0.0,
    "Min Winner": 0.0,
    "Min Loser": -2.02,
    "Avg Loser": -2.1233333333333335,
    "Max Loser": -2.18,
    "Expectancy": -2.1233333333333335,
    "Win Rate": 0.0
}